<!--
    Input:
        vendor/google/apps/PersistentBackgroundCameraServices/com.google.pixel.camera.services@1.0-service-google.xml
-->
<manifest version="8.0" type="framework">
    <hal format="aidl">
        <name>com.google.pixel.camera.services.binder</name>
        <fqname>IServiceBinder/default</fqname>
    </hal>
    <hal format="aidl">
        <name>com.google.pixel.camera.services.cameraidremapper</name>
        <version>2</version>
        <fqname>ICameraIdRemapper/default</fqname>
    </hal>
    <hal format="aidl">
        <name>com.google.pixel.camera.services.lyricconfigprovider</name>
        <fqname>ILyricConfigProvider/default</fqname>
    </hal>
</manifest>
